HITID, time
3EQPA8A38EA81TWF5GJHKLANTTBZJ4,2022-02-06 19:45:35.739516
371Q3BEXERN10WF5SASVCM1APCOZSK,2022-02-06 19:47:55.833819
3TL87MO8DW38R2TF7P1NX87XLFDFLT,2022-02-09 12:38:38.738672
3GS542CVK51LO3ZHCGLO6NPPWRK959,2022-02-09 13:32:22.607626
3XDSWAMB3C6CFNPI8SJI6OLOYC3QCL,2022-02-18 11:16:32.152139
37G6BXQPM0ZRCL9W4JPDWCLRJOGEQ2,2022-02-18 11:19:56.990697
306996CF76Y5OEDV9DX8U37Y9QFB1V,2022-03-10 09:09:43.593004
3TKSOBLOIVU61CVNBAQX0FK7V26BBE,2022-03-10 09:14:48.040420
3DW3BNF1HRW28SVMDFXNAPODQO18VI,2022-03-10 09:23:16.232109
37VHPF5VZMH69JPMMY2IKX0O5HLC8N,2022-03-10 09:31:30.877904
3W3RSPVVH25XAKQ52EWMJ880WHRLUS,2022-03-10 09:35:15.209527
3FULMHZ7P4BIZ4EBNK6J6HPVX9TM48,2022-03-10 09:38:05.732688
3EQVJH0T5AZGOBSQBOREMKTRWMBHTQ,2022-03-10 09:41:10.899482
3DA79LNS6J91U3LRW32CIQSHDHTT3V,2022-03-10 09:45:44.675051
3UUIU9GZDFJ48I8VAMQ5XNQ1RDKT5L,2022-03-10 09:48:13.904087
3EPG8DX9MU46GQFOT5HLSDP42AZP5C,2022-03-10 10:09:52.230864
3ZURAPD29I1V1VPBEFJ4DTYJOO81F4,2022-03-10 10:11:17.187405
3FSEU3P2O1EGXQT134YD09UFVACRRK,2022-03-10 10:12:50.327870
3HEM8MA6IJQV9CYMDX5OQOKVY6MPQP,2022-03-10 10:20:56.124488
34D9ZRXCZ180ZO7XGICWVTA1H87SA1,2022-03-10 10:22:44.605302
3T5ZXGO9EO2PNG0S063QHMM985TZQK,2022-03-10 10:23:56.789309
3IKMEYR0M69D62ZLYUAFYP0TOR72KU,2022-03-11 13:12:37.149607
31ODACBEO4TSM4EE5E9ILTP6LURSQE,2022-03-17 09:59:03.912548
3L21G7IH5HA11M66J5BS2E5ZU3VY13,2022-03-17 10:11:55.174138
30EV7DWJU59W8873PBN9XAWG2EBY61,2022-03-17 10:13:17.425151
3MG8450X3YON1553U6PT0PHK1VQUP5,2022-03-17 10:49:48.043723
371QPA24DC25K07C9ZOTUXDKF1GT1C,2022-03-17 14:11:37.575316
3WGZLY9VDR0GEBV0MUXT43I6QLDD8C,2022-03-18 10:26:51.778547
3NSM4HLQO18G9OZ1DAKDQTA536PQQ6,2022-03-18 12:05:19.050355
3IZVJEBJ7KYWDYH8LXPSBH5I885Z6J,2022-03-18 23:32:31.422256
3RWO3EJEMRN7S8E5SIF9PNCNQZJ1P5,2022-03-21 09:18:58.760886
338GLSUI5DPVVFO5RYYO9ULSE2MSF8,2022-04-03 21:02:48.380010
306996CF76Y5OEDV9DX8U37Y94Y1BW,2022-04-04 12:26:13.648337
3X52SWXE17JHZKL4K1IOYD3AN29CWF,2022-04-04 14:34:30.893462
33EEIIWHLHL8EWVIZ9ENWG9DK88VQT,2022-04-04 15:15:44.620212
3YD0MU1NDCFEGQN5SFEL02E5U8GA7A,2022-04-04 15:20:16.895838
31JUPBOOSXIZCNJSZBVHNGQBZ4O8LG,2022-04-04 17:54:08.108057
3T6EIBTMAV2WZSL3ZIQ5ATGVVGPAA4,2022-04-04 17:54:23.843478
39AYGO6AGPY2W93PI9EYGUY9Y4Y6NU,2022-04-04 17:59:05.760908
3WA2XVDZFWVY23QCPABFQ740KCXE6D,2022-04-04 18:02:33.187466
3HYV4299IAAL6H90IP8DAL0RQ7NE8Z,2022-04-04 18:03:12.210870
3ZXV7Q5FKL2FOYZ9UC8OUPHASZNFCO,2022-04-04 18:15:19.294117
329E6HTMT6G2RKV42UOKHZ5LUIRK3X,2022-04-04 18:16:07.459848
3BCRDCM0PN81O3IMLWMIO2H549TK63,2022-04-04 18:16:35.074461
3MG8450X3YON1553U6PT0PHK15HPUB,2022-04-04 18:20:44.839506
3E9ZFLPWP86N1NCUMGAWBZFC9AHXIF,2022-04-05 10:45:45.552378
3ZXNP4Z3A1ZVC9E9P63B9GUGOLX7L9,2022-04-05 10:46:51.907472
371Q3BEXERN10WF5SASVCM1AQ8HZS6,2022-04-05 10:47:36.655915
38G0E1M86WJ06P2ZGIYS6H62NVNVUB,2022-04-06 10:42:00.368422
3538U0YQ2P8RBY3Q1JXN1MDGMOG3FO,2022-04-06 11:18:40.685359
3P7RGTLO7OR2B5UPB93U47JR0UPAKT,2022-04-06 11:23:29.771305
37G6BXQPM0ZRCL9W4JPDWCLRKFFQEW,2022-04-06 11:51:51.501476
3W0XM68Y0Z96HHHPFQA1T6QOW0K1KX,2022-04-06 12:22:53.527136
3HEA4ZVWWN02NGX59Q87U7KNBQU55Y,2022-04-06 12:38:49.472906
329E6HTMT6G2RKV42UOKHZ5LUKY3KR,2022-04-06 12:39:05.897351
3UXQ63NLBK0IELHZ2NFREIGC7CGBLT,2022-04-06 12:50:23.977032
3NCN4N1H2QV82LKKE0V6RAK1C7GBNV,2022-04-06 12:51:25.851418
3BO3NEOQNAVB5A41B6IIRR4E8Q1IAR,2022-04-06 12:52:22.807053
36GJS3V79548AC1AFOVSZEUHJ03GJD,2022-04-06 12:54:30.759325
3XAOZ9UYS95SSKFKSVUYPS2XV6FQ1H,2022-04-06 16:25:13.910820
3ZQX1VYFUNJ7I8MPC3B9FXU5UBB8OJ,2022-04-06 23:13:08.118403
3EN4YVUOVM6JWYW04YVWN0UCMQAJXJ,2022-04-06 23:34:13.374075
3KI0JD2ZVBWDTOB222X9KXCJYRN67H,2022-04-07 12:40:34.715320
33EEIIWHLHL8EWVIZ9ENWG9DKA8VQX,2022-04-07 14:42:46.654704
3NOEP8XAVEGFI9ZYZB0GKWGOVPVXPC,2022-04-07 15:21:54.661235
35ZRNT9RVSCLHBGJ0MGDOGMUEPZ3O2,2022-04-07 15:44:13.799676
3X878VYTJOW9CH4D3V0DE3PWRQUF7X,2022-04-07 15:47:55.142779
3DIIW4IV9Z9W3LOK258REOIEGGWI47,2022-04-07 15:51:10.403871
3W0XM68Y0Z96HHHPFQA1T6QOW0C1KP,2022-04-07 16:10:43.266634
3W1K7D6QTLV2JAY3HO60MXRAMM1ZBF,2022-04-08 13:01:16.619197
3T8DUCXY1XKN95A7DC3M93V3DQDT9K,2022-04-08 13:44:43.205567
3PEG1BH7BO57UFZHHN3QZI3XIFHBK2,2022-04-11 07:55:33.128657
3X52SWXE17JHZKL4K1IOYD3AN7QCW6,2022-04-11 08:13:02.503307
3W31J70BB2AQ4KRNVNZLA29F00HKCI,2022-04-11 08:19:50.558675
3OKP4QVBQCBX9JY6LIIF6FRYTGFGA9,2022-04-11 08:40:31.503059
302OLP89E9LKS7I1JWMWGO6JVOPACV,2022-04-11 11:06:02.634754
3LEG2HW4VP12QG77XJJIIC8OGDPF24,2022-04-11 11:06:57.733538
35F6NGNVNIXJVMMEYF52V74XI2J7TK,2022-04-11 11:09:26.372517
3GONHBMNI5CY21208DW90D24YN0MZQ,2022-04-11 11:29:00.850566
30EV7DWJU59W8873PBN9XAWG2TI6YA,2022-04-11 12:11:22.730561
3LAZVA75OS5WWTK0WM2856H28EH2OE,2022-04-11 12:17:35.303672
3NSCTNUR391ZTM9M4MZO2I09374A5O,2022-04-11 12:19:12.161499
35F6NGNVNIXJVMMEYF52V74XI2K7TL,2022-04-11 12:21:56.965099
3G4VVJO6Q9U9Y90R0SLRU28MZJZPK4,2022-04-11 12:28:17.553277
344M16OZLST69OW4ORXWSIQMF72NEM,2022-04-11 12:35:00.786262
3IJ95K7NE7Q4T2SVUMNKSLBYSNPNGB,2022-04-11 21:34:10.924215
37NXA7GVT3KXNZF5746RFUAJA7DLVW,2022-04-11 21:34:42.830864
30QQTY5GNUYYVZ13YKVC03QZ1GZU77,2022-04-11 21:58:44.225725
